nivel,eb,operacion,tipo,municipio,precio,moneda,m2,motivo,liga
BLOQUEADA (no publicada),EB-RS2076,VENTA,departamento,Guadalajara,,MXN,55.87,sin precio,https://www.aciertamax.com/property/departamentos-en-preventa-union-squae
BLOQUEADA (no publicada),EB-WU8632,VENTA,edificio,Zapopan,85100000000.0,USD,36000.0,"precio en USD irreal (85,100,000,000)",https://www.aciertamax.com/property/plaza-panoramica-bugambilias-bugambilias
BLOQUEADA (no publicada),EB-WR6018,VENTA,casa en condominio,Zapopan,31500000000.0,MXN,508.0,"precio/m2 imposible (62,007,874 $/m2 con 508 m2)",https://www.aciertamax.com/property/casa-de-oportunidad-frente-a-andares-coto-santa-isabel-zapopan
BLOQUEADA (no publicada),EB-WC8850,VENTA,casa,Zapopan,19990000000.0,MXN,476.72,"precio/m2 imposible (41,932,371 $/m2 con 477 m2)",https://www.aciertamax.com/property/casa-en-venta-en-fracc-puerta-de-hierro-zapopan-jalisco
BLOQUEADA (no publicada),EB-WH2847,VENTA,departamento,Zapopan,5490000000.0,MXN,75.0,"precio/m2 imposible (73,200,000 $/m2 con 75 m2)",https://www.aciertamax.com/property/departamento-en-renta-liva-residencial-solares-zapopan
BLOQUEADA (no publicada),EB-WX2916,VENTA,departamento,Zapopan,1850000000.0,MXN,53.0,"precio/m2 imposible (34,905,660 $/m2 con 53 m2)",https://www.aciertamax.com/property/departamento-en-santa-ana-360-a92b09b3-f110-4e8b-99fa-44f6d4fdc6ca
BLOQUEADA (no publicada),EB-WF7085,VENTA,terreno,Zapopan,507000000.0,MXN,39.0,"precio/m2 imposible (13,000,000 $/m2 con 39 m2)",https://www.aciertamax.com/property/terreno-en-venta-camino-a-copalita
BLOQUEADA (no publicada),EB-VL8853,VENTA,departamento,Zapopan,,MXN,143.9,sin precio,https://www.aciertamax.com/property/departamentos-preventa-serenus-de-3-recamaras
BLOQUEADA (no publicada),EB-XC6583,VENTA,terreno,Tlaquepaque,18000.0,MXN,164.65,"precio de venta demasiado bajo (18,000)",https://www.aciertamax.com/property/terreno-en-paisajes-del-tesoro-etapa-6b
BLOQUEADA (no publicada),EB-VA6167,VENTA,terreno,Tlaquepaque,18000.0,MXN,190.0,"precio de venta demasiado bajo (18,000)",https://www.aciertamax.com/property/terrenos-ideal-para-departamentos-el-tesoro
BLOQUEADA (no publicada),EB-TR9066,VENTA,terreno comercial,Tlaquepaque,12000.0,MXN,3480.0,"precio de venta demasiado bajo (12,000)",https://www.aciertamax.com/property/terreno-comercial-en-venta-esquina-en-artesanos-y-gobernador-curiel
BLOQUEADA (no publicada),EB-WR5744,VENTA,terreno industrial,Tlaquepaque,9500.0,MXN,1426.0,"precio de venta demasiado bajo (9,500)",https://www.aciertamax.com/property/terrenos-industriales-en-venta-las-terrazas-residencial
BLOQUEADA (no publicada),EB-WP2467,VENTA,terreno industrial,Tlaquepaque,9400.0,MXN,756.44,"precio de venta demasiado bajo (9,400)",https://www.aciertamax.com/property/dos-lotes-ind-o-conj-parque-industrial-montenegro-elite
BLOQUEADA (no publicada),EB-PM2001,VENTA,terreno industrial,Tlaquepaque,7800.0,MXN,1090.0,"precio de venta demasiado bajo (7,800)",https://www.aciertamax.com/property/pre-venta-en-parque-industrial-mezquites-lotes-tipo-de-1000-mts-aprox-villa-fontana
BLOQUEADA (no publicada),EB-NU2536,VENTA,terreno comercial,Tlaquepaque,7500.0,MXN,2800.0,"precio de venta demasiado bajo (7,500)",https://www.aciertamax.com/property/terreno-en-la-col-la-micailita-tlaq-uso-mixto
BLOQUEADA (no publicada),EB-TR9081,VENTA,terreno comercial,Tlaquepaque,7000.0,MXN,6728.0,"precio de venta demasiado bajo (7,000)",https://www.aciertamax.com/property/terreno-en-venta-gobernador-curiel-tlaquepaque
BLOQUEADA (no publicada),EB-SP5742,VENTA,terreno,Tlaquepaque,6390.0,MXN,1320.0,"precio de venta demasiado bajo (6,390)",https://www.aciertamax.com/property/terreno-sobre-av-hda-la-calerilla-san-sebastianito
BLOQUEADA (no publicada),EB-RJ1124,VENTA,terreno industrial,Tlaquepaque,5900.0,MXN,1649.94,"precio de venta demasiado bajo (5,900)",https://www.aciertamax.com/property/pre-venta-en-parque-industrial-mezquites-lotes-tipo-de-1000-mts-aprox-villa-fontana-tlaquepaque
BLOQUEADA (no publicada),EB-XC0550,VENTA,terreno,Tlaquepaque,5800.0,MXN,232.0,"precio de venta demasiado bajo (5,800)",https://www.aciertamax.com/property/terrenos-la-micaelita-oportunidad-de-inversion-en-tlaquepaque-afe4c2e1-16ff-4eec-bd6b-dc5741608846
BLOQUEADA (no publicada),EB-VS1579,VENTA,terreno,Tlaquepaque,5530.0,MXN,2437.0,"precio de venta demasiado bajo (5,530)",https://www.aciertamax.com/property/terreno-bien-ubicado-para-desarrollar-h4
BLOQUEADA (no publicada),EB-XD5377,VENTA,terreno comercial,Tlaquepaque,4550.0,MXN,14417.0,"precio de venta demasiado bajo (4,550)",https://www.aciertamax.com/property/terreno-ideal-bien-ubicado-para-desarrolo-coemrcial-o-vivienda
BLOQUEADA (no publicada),EB-SP5711,VENTA,terreno,Tlaquepaque,4200.0,MXN,22000.0,"precio de venta demasiado bajo (4,200)",https://www.aciertamax.com/property/terreno-en-san-sebastianito-ejidal
BLOQUEADA (no publicada),EB-SP5789,VENTA,terreno,Tlaquepaque,3500.0,MXN,35000.0,"precio de venta demasiado bajo (3,500)",https://www.aciertamax.com/property/terreno-en-san-sebastianito-ejidal-san-sebastianito
BLOQUEADA (no publicada),EB-RW6841,VENTA,terreno comercial,Tlaquepaque,2500.0,MXN,18800.0,"precio de venta demasiado bajo (2,500)",https://www.aciertamax.com/property/terreno-comercial-habitacional-vertical
BLOQUEADA (no publicada),EB-VE9870,VENTA,terreno,Tlaquepaque,2200.0,MXN,8607.0,"precio de venta demasiado bajo (2,200)",https://www.aciertamax.com/property/enorme-terreno-para-desarrollador
BLOQUEADA (no publicada),EB-WM7489,VENTA,casa,Tonalá,,MXN,47.0,sin precio,https://www.aciertamax.com/property/casa-en-venta-col-pedregal-de-santa-marta-tonala-jal
BLOQUEADA (no publicada),EB-CT5914,VENTA,terreno,Tonalá,8500.0,MXN,19793.6,"precio de venta demasiado bajo (8,500)",https://www.aciertamax.com/property/terreno-sobre-avenida-importante-para-desarrollo-mixto
BLOQUEADA (no publicada),EB-UF6427,VENTA,terreno comercial,Tonalá,7900.0,MXN,14200.0,"precio de venta demasiado bajo (7,900)",https://www.aciertamax.com/property/terreno-14-000-m2-av-rio-nilo-tonala-venta-oportunidad
BLOQUEADA (no publicada),EB-UH3689,VENTA,terreno industrial,Tonalá,7200.0,MXN,1455.0,"precio de venta demasiado bajo (7,200)",https://www.aciertamax.com/property/terreno-industrial-en-los-amiales-tonala-jalisco-los-amiales
BLOQUEADA (no publicada),EB-PH4353,VENTA,terreno industrial,Tonalá,6197.45,MXN,13279.0,"precio de venta demasiado bajo (6,197)",https://www.aciertamax.com/property/ubicadisimas-1-3-hectareas-en-tonala-uso-mixto-con-1-426-mas-de-construccion
BLOQUEADA (no publicada),EB-WS6308,VENTA,terreno comercial,Tonalá,6000.0,MXN,11000.0,"precio de venta demasiado bajo (6,000)",https://www.aciertamax.com/property/terreno-en-venta-av-tonaltecas
BLOQUEADA (no publicada),EB-PY3000,VENTA,terreno,Tonalá,5200.0,MXN,2700.0,"precio de venta demasiado bajo (5,200)",https://www.aciertamax.com/property/terreno-en-venta-tonala-jalisco-san-gaspar-de-las-flores
BLOQUEADA (no publicada),EB-XB2730,VENTA,terreno,Tonalá,3500.0,MXN,15781.0,"precio de venta demasiado bajo (3,500)",https://www.aciertamax.com/property/terreno-para-fraccionar-a-lado-de-plaza-san-gaspar-en-tonala-jalisco-1a-seccion-tonala
BLOQUEADA (no publicada),EB-WU6203,VENTA,terreno,Tonalá,3500.0,MXN,209.77,"precio de venta demasiado bajo (3,500)",https://www.aciertamax.com/property/terreno-con-vista-la-barranca
BLOQUEADA (no publicada),EB-TB7933,VENTA,terreno,Tonalá,3500.0,MXN,9567.49,"precio de venta demasiado bajo (3,500)",https://www.aciertamax.com/property/terreno-en-venta-periferico-san-gaspar-tonala-jalisco
BLOQUEADA (no publicada),EB-TB7928,VENTA,terreno,Tonalá,3500.0,MXN,9567.49,"precio de venta demasiado bajo (3,500)",https://www.aciertamax.com/property/terreno-en-venta-san-gaspar-tonala-san-gaspar
BLOQUEADA (no publicada),EB-SD8338,VENTA,terreno,Tonalá,3500.0,MXN,19536.0,"precio de venta demasiado bajo (3,500)",https://www.aciertamax.com/property/terreno-vocacion-comercial-y-servs-habitacional-vertical-frente-a-av-tonaltecas
BLOQUEADA (no publicada),EB-PY1885,VENTA,terreno,Tonalá,3500.0,MXN,16000.0,"precio de venta demasiado bajo (3,500)",https://www.aciertamax.com/property/terreno-en-venta-tonala-jalisco-san-gaspar
BLOQUEADA (no publicada),EB-OG2905,VENTA,terreno industrial,Tonalá,3000.0,MXN,13661.0,"precio de venta demasiado bajo (3,000)",https://www.aciertamax.com/property/terreno-en-tonala-a-pie-de-autopista-zona-el-vado
BLOQUEADA (no publicada),EB-TB4456,VENTA,terreno,Tonalá,2950.0,MXN,11250.0,"precio de venta demasiado bajo (2,950)",https://www.aciertamax.com/property/terreno-en-venta-con-11250-mts2
BLOQUEADA (no publicada),EB-VK7329,VENTA,terreno,Tonalá,2600.0,MXN,52223.0,"precio de venta demasiado bajo (2,600)",https://www.aciertamax.com/property/terreno-en-venta-en-carretera-guadalajara-el-salto-san-francisco-de-la-soledad
BLOQUEADA (no publicada),EB-PA4136,VENTA,terreno,Tonalá,2200.0,MXN,24597.0,"precio de venta demasiado bajo (2,200)",https://www.aciertamax.com/property/extraordinario-terreno-para-desarrollo-de-vivienda-media-av-de-los-maestros-tona
BLOQUEADA (no publicada),EB-OG2748,VENTA,terreno industrial,Tonalá,2200.0,MXN,30000.0,"precio de venta demasiado bajo (2,200)",https://www.aciertamax.com/property/terreno-en-el-vado-tonala-a-pie-de-autopista-gdl-zapotlanejo
BLOQUEADA (no publicada),EB-VV4528,VENTA,quinta,Tonalá,2000.0,MXN,2500.0,"precio de venta demasiado bajo (2,000)",https://www.aciertamax.com/property/ex-hacienda-de-maria-felix-en-tonala-la-aurora
BLOQUEADA (no publicada),EB-CT6460,VENTA,terreno,Tonalá,2000.0,MXN,75589.24,"precio de venta demasiado bajo (2,000)",https://www.aciertamax.com/property/terreno-en-el-rosario-tonala-ideal-para-desarrollo-de-vivienda
BLOQUEADA (no publicada),EB-LH9079,VENTA,terreno,Tonalá,1980.0,MXN,40887.0,"precio de venta demasiado bajo (1,980)",https://www.aciertamax.com/property/terreno-en-el-vado-4-hectareas
BLOQUEADA (no publicada),EB-VI8382,VENTA,terreno,Tonalá,1800.0,MXN,448572.54,"precio de venta demasiado bajo (1,800)",https://www.aciertamax.com/property/terreno-estrategico-de-44-85-has-en-el-refugio-tonala
BLOQUEADA (no publicada),EB-OC3068,VENTA,terreno,Tonalá,1300.0,MXN,25500.0,"precio de venta demasiado bajo (1,300)",https://www.aciertamax.com/property/se-vende-terreno-predio-muy-cerca-de-puente-grande
BLOQUEADA (no publicada),EB-VI4199,VENTA,terreno,Tonalá,850.0,MXN,85.0,precio de venta demasiado bajo (850),https://www.aciertamax.com/property/macro-terreno-venta-periferico-ote-tonala
BLOQUEADA (no publicada),EB-OR2059,VENTA,terreno industrial,Tonalá,850.0,MXN,67199.0,precio de venta demasiado bajo (850),https://www.aciertamax.com/property/terreno-uso-industria-ligera-comercio-y-servicios-carr-a-zapotlanejo-venta
BLOQUEADA (no publicada),EB-US5447,VENTA,terreno comercial,Tonalá,603.17,MXN,140922.26,precio de venta demasiado bajo (603),https://www.aciertamax.com/property/terreno-en-venta-gran-oportunidad-de-inversion-jauja
BLOQUEADA (no publicada),EB-WE1799,VENTA,terreno comercial,Tonalá,600.0,MXN,,precio de venta demasiado bajo (600) | m2 dudoso (16.5); se publica sin m2,https://www.aciertamax.com/property/terreno-sobre-carretera-a-zapotlanejo-morelia
BLOQUEADA (no publicada),EB-MW8574,VENTA,terreno,Tonalá,,MXN,26041.0,sin precio,https://www.aciertamax.com/property/gran-terreno-en-venta-en-tonala
BLOQUEADA (no publicada),EB-XA6162,VENTA,bodega comercial,Tonalá,140.0,MXN,532.68,precio de venta demasiado bajo (140),https://www.aciertamax.com/property/bodega-comercial-arboledas-de-san-gaspar
BLOQUEADA (no publicada),EB-UH0853,VENTA,terreno,Tlajomulco de Zúñiga,17000.0,MXN,212.79,"precio de venta demasiado bajo (17,000)",https://www.aciertamax.com/property/del-pilar-terreno-212-mts2-coto-aragon-en-esquina
BLOQUEADA (no publicada),EB-XD3927,VENTA,terreno,Tlajomulco de Zúñiga,14000.0,MXN,286.0,"precio de venta demasiado bajo (14,000)",https://www.aciertamax.com/property/provenza-terreno-ideal-para-amelia-casa
BLOQUEADA (no publicada),EB-SI0462,VENTA,terreno industrial,Tlajomulco de Zúñiga,12500.0,MXN,2947.53,"precio de venta demasiado bajo (12,500)",https://www.aciertamax.com/property/terreno-comercial-a-la-venta-zona-aeropuerto
BLOQUEADA (no publicada),EB-SI0408,VENTA,terreno industrial,Tlajomulco de Zúñiga,12500.0,MXN,,"precio de venta demasiado bajo (12,500)",https://www.aciertamax.com/property/terrenos-comerciales-a-la-venta-zona-aeropuerto
BLOQUEADA (no publicada),EB-WN1319,VENTA,terreno comercial,Tlajomulco de Zúñiga,10500.0,MXN,22347.0,"precio de venta demasiado bajo (10,500)",https://www.aciertamax.com/property/terreno-en-venta-de-22-348-m-sobre-av-lopez-mateos-uso-mixto-au-24-ideal-pa
BLOQUEADA (no publicada),EB-WZ2363,VENTA,terreno,Tlajomulco de Zúñiga,10000.0,MXN,118.05,"precio de venta demasiado bajo (10,000)",https://www.aciertamax.com/property/terrenos-en-venta-a-media-cuadra-de-lopez-mateos-san-agustin
BLOQUEADA (no publicada),EB-OM1117,VENTA,terreno,Tlajomulco de Zúñiga,10000.0,MXN,487.5,"precio de venta demasiado bajo (10,000)",https://www.aciertamax.com/property/terreno-en-venta-en-rinconada-santa-anita-bosques-de-santa-anita-terreno
BLOQUEADA (no publicada),EB-OM1120,VENTA,terreno,Tlajomulco de Zúñiga,8700.0,MXN,597.63,"precio de venta demasiado bajo (8,700)",https://www.aciertamax.com/property/venta-de-terreno-en-rinconada-santa-anita-bosques-de-santa-anita
BLOQUEADA (no publicada),EB-SP3350,VENTA,terreno,Tlajomulco de Zúñiga,8500.0,MXN,2755.0,"precio de venta demasiado bajo (8,500)",https://www.aciertamax.com/property/terreno-en-venta-en-carr-chapala-guadalajara-el-salto
BLOQUEADA (no publicada),EB-OM1119,VENTA,terreno,Tlajomulco de Zúñiga,8500.0,MXN,787.57,"precio de venta demasiado bajo (8,500)",https://www.aciertamax.com/property/terreno-en-rinconada-santa-anita-bosques-de-santa-anita
BLOQUEADA (no publicada),EB-RA8742,VENTA,terreno industrial,Tlajomulco de Zúñiga,8350.0,MXN,1360.76,"precio de venta demasiado bajo (8,350)",https://www.aciertamax.com/property/parque-industrial-cercano-al-aeropuerto-el-zapote-del-valle-tlajomulco-de-zuniga
BLOQUEADA (no publicada),EB-RA8728,VENTA,terreno industrial,Tlajomulco de Zúñiga,8350.0,MXN,1090.95,"precio de venta demasiado bajo (8,350)",https://www.aciertamax.com/property/parque-industrial-cercano-al-aeropuerto-el-zapote-del-valle
BLOQUEADA (no publicada),EB-RA8706,VENTA,terreno industrial,Tlajomulco de Zúñiga,8350.0,MXN,1135.2,"precio de venta demasiado bajo (8,350)",https://www.aciertamax.com/property/parque-industrial-cercano-al-aeropuerto
BLOQUEADA (no publicada),EB-SI0421,VENTA,terreno industrial,Tlajomulco de Zúñiga,8200.0,MXN,,"precio de venta demasiado bajo (8,200)",https://www.aciertamax.com/property/terrenos-industriales-y-comerciales-a-la-venta-zona-aeropuerto
BLOQUEADA (no publicada),EB-CA1830,VENTA,terreno comercial,Tlajomulco de Zúñiga,7997.0,MXN,21700.0,"precio de venta demasiado bajo (7,997)",https://www.aciertamax.com/property/av-adolf-horn-ideal-plaza-comercial-naves-industriales
BLOQUEADA (no publicada),EB-WD2430,VENTA,terreno,Tlajomulco de Zúñiga,5500.0,MXN,10433.0,"precio de venta demasiado bajo (5,500)",https://www.aciertamax.com/property/los-gavilanes-terreno-en-venta
BLOQUEADA (no publicada),EB-QW4498,VENTA,terreno,Tlajomulco de Zúñiga,5000.0,MXN,63871.85,"precio de venta demasiado bajo (5,000)",https://www.aciertamax.com/property/terreno-usos-mixtos-proln-av-adolfo-lpz-mateos-vta
BLOQUEADA (no publicada),EB-WP1437,VENTA,terreno industrial,Tlajomulco de Zúñiga,4750.0,MXN,4193.24,"precio de venta demasiado bajo (4,750)",https://www.aciertamax.com/property/terreno-industrial-buenavista-tlajomulco-de-zuniga
BLOQUEADA (no publicada),EB-WV3752,VENTA,terreno comercial,Tlajomulco de Zúñiga,4500.0,MXN,16805.0,"precio de venta demasiado bajo (4,500)",https://www.aciertamax.com/property/terreno-comercial-sobre-av-jesus-michel-gonzales-san-sebastian-el-grande
BLOQUEADA (no publicada),EB-VT7308,VENTA,terreno comercial,Tlajomulco de Zúñiga,4500.0,MXN,44469.0,"precio de venta demasiado bajo (4,500)",https://www.aciertamax.com/property/terreno-en-venta-de-4-5-hectareas-cerca-del-aeropuerto-sendero-real
BLOQUEADA (no publicada),EB-VL2878,VENTA,terreno industrial,Tlajomulco de Zúñiga,4500.0,MXN,44469.0,"precio de venta demasiado bajo (4,500)",https://www.aciertamax.com/property/terreno-industrial-en-venta-de-4-5-hectareas
BLOQUEADA (no publicada),EB-SQ2747,VENTA,casa,Tlajomulco de Zúñiga,4500.0,MXN,14932.0,"precio de venta demasiado bajo (4,500)",https://www.aciertamax.com/property/terreno-en-tlajomulco-de-zuniga-4-500-el-m2
BLOQUEADA (no publicada),EB-XB2565,VENTA,terreno,Tlajomulco de Zúñiga,4000.0,MXN,14932.0,"precio de venta demasiado bajo (4,000)",https://www.aciertamax.com/property/terreno-de-uso-mixto-con-ubicacion-estrategica-en-san-sebastian-el-grande-san-sebastian-el-grande
BLOQUEADA (no publicada),EB-WF0300,VENTA,terreno comercial,Tlajomulco de Zúñiga,4000.0,MXN,14932.0,"precio de venta demasiado bajo (4,000)",https://www.aciertamax.com/property/terreno-con-ubicacion-estrategica-en-san-sebastian-el-grande
BLOQUEADA (no publicada),EB-NU2612,VENTA,terreno comercial,Tlajomulco de Zúñiga,4000.0,MXN,40000.0,"precio de venta demasiado bajo (4,000)",https://www.aciertamax.com/property/terreno-4-has-para-desarorllo-comercial-o-vivienda-tlajomulco-vta
BLOQUEADA (no publicada),EB-WV3663,VENTA,terreno comercial,Tlajomulco de Zúñiga,3800.0,MXN,14995.0,"precio de venta demasiado bajo (3,800)",https://www.aciertamax.com/property/terreno-comercial-sobre-av-jesus-michel-gonzales
BLOQUEADA (no publicada),EB-VP2106,VENTA,terreno,Tlajomulco de Zúñiga,3500.0,MXN,88415.22,"precio de venta demasiado bajo (3,500)",https://www.aciertamax.com/property/terreno-en-venta-a-15-min-del-aeropuerto-alameda
BLOQUEADA (no publicada),EB-VL1483,VENTA,terreno,Tlajomulco de Zúñiga,3500.0,MXN,1825.2,"precio de venta demasiado bajo (3,500)",https://www.aciertamax.com/property/terreno-en-venta-cerca-del-aeropuerto-de-guadalajara-zapote-del-valle
BLOQUEADA (no publicada),EB-VV0059,VENTA,terreno comercial,Tlajomulco de Zúñiga,3000.0,MXN,,"precio de venta demasiado bajo (3,000) | m2 dudoso (15); se publica sin m2",https://www.aciertamax.com/property/venta-de-terreno-industrial-en-guadalajara-sobre-adolf-horne
BLOQUEADA (no publicada),EB-WL9979,VENTA,terreno,Tlajomulco de Zúñiga,2800.0,MXN,250.0,"precio de venta demasiado bajo (2,800)",https://www.aciertamax.com/property/terrenos-en-venta-san-juan-evangelista-san-juan
BLOQUEADA (no publicada),EB-EI7543,VENTA,terreno,Tlajomulco de Zúñiga,2800.0,MXN,7450.87,"precio de venta demasiado bajo (2,800)",https://www.aciertamax.com/property/terreno-para-microparque-industrial-alameda
BLOQUEADA (no publicada),EB-WD2401,VENTA,terreno,Tlajomulco de Zúñiga,2750.0,MXN,2750.0,"precio de venta demasiado bajo (2,750)",https://www.aciertamax.com/property/villas-california-terreno-en-venta
BLOQUEADA (no publicada),EB-QA2461,VENTA,terreno industrial,Tlajomulco de Zúñiga,1800.0,MXN,,"precio de venta demasiado bajo (1,800) | m2 dudoso (11.2); se publica sin m2",https://www.aciertamax.com/property/terreno-sobre-libramiento-de-tlajomulco
BLOQUEADA (no publicada),EB-TN3286,VENTA,terreno industrial,Tlajomulco de Zúñiga,1500.0,MXN,13000.0,"precio de venta demasiado bajo (1,500)",https://www.aciertamax.com/property/terreno-en-venta-a-pie-de-carretera-en-jardines-de-la-calera
BLOQUEADA (no publicada),EB-QI7788,VENTA,terreno,Tlajomulco de Zúñiga,1500.0,MXN,,"precio de venta demasiado bajo (1,500)",https://www.aciertamax.com/property/terreno-en-venta-en-tlajomulco-cerca-del-aeropureto-int
BLOQUEADA (no publicada),EB-OZ7204,VENTA,terreno,Tlajomulco de Zúñiga,1500.0,MXN,,"precio de venta demasiado bajo (1,500) | m2 dudoso (12); se publica sin m2",https://www.aciertamax.com/property/terreno-en-venta-tlajomulco-tlajomulco-centro-tlajomulco-de-zuniga
BLOQUEADA (no publicada),EB-CP4377,VENTA,terreno comercial,Tlajomulco de Zúñiga,1300.0,MXN,110390.0,"precio de venta demasiado bajo (1,300)",https://www.aciertamax.com/property/terreno-circuito-metropolitano-sur-o-carr-a-san-miguel-cuyutlan-11-03-has
BLOQUEADA (no publicada),EB-VT6237,VENTA,terreno industrial,Tlajomulco de Zúñiga,1100.0,MXN,5670.0,"precio de venta demasiado bajo (1,100)",https://www.aciertamax.com/property/terreno-ejidal-con-uso-industrial-cerca-del-periferico-ote-y-del-aereopuerto
BLOQUEADA (no publicada),EB-PE4232,VENTA,terreno,Tlajomulco de Zúñiga,1000.0,MXN,10000.0,"precio de venta demasiado bajo (1,000)",https://www.aciertamax.com/property/4-hectareas-para-desarrollar
BLOQUEADA (no publicada),EB-QR5943,VENTA,terreno,Tlajomulco de Zúñiga,850.0,MXN,150000.0,precio de venta demasiado bajo (850),https://www.aciertamax.com/property/terreno-de-150-000-m-en-tlajomulco-perfecto-para-fraccionamientos-residencial
BLOQUEADA (no publicada),EB-KW1424,VENTA,terreno,Tlajomulco de Zúñiga,800.0,MXN,890000.0,precio de venta demasiado bajo (800),https://www.aciertamax.com/property/terreno-rodeado-de-fraccionamientos-consolidados-para-desarrollar-vivienda-econo
BLOQUEADA (no publicada),EB-FG2202,VENTA,terreno,Tlajomulco de Zúñiga,746.0,MXN,,precio de venta demasiado bajo (746) | m2 dudoso (10); se publica sin m2,https://www.aciertamax.com/property/terreno-en-venta-en-santa-cruz-del-valle-santa-cruz-del-valle
BLOQUEADA (no publicada),EB-VO7679,VENTA,terreno,Tlajomulco de Zúñiga,700.0,MXN,1923.0,precio de venta demasiado bajo (700),https://www.aciertamax.com/property/terreno-en-venta-en-cajititlan-jalisco-uso-mixto
BLOQUEADA (no publicada),EB-VC2013,VENTA,terreno,Tlajomulco de Zúñiga,350.0,MXN,40470.0,precio de venta demasiado bajo (350),https://www.aciertamax.com/property/terreno-en-venta-lomas-de-tejeda-08d79602-a26e-4581-a4ee-e41f55aa0393
BLOQUEADA (no publicada),EB-TK3787,VENTA,terreno,Tlajomulco de Zúñiga,350.0,MXN,40470.0,precio de venta demasiado bajo (350),https://www.aciertamax.com/property/terreno-en-venta-lomas-de-tejeda-b2cb5660-0d3d-421c-8e34-26e0f9afd796
BLOQUEADA (no publicada),EB-WA2035,VENTA,terreno,Tlajomulco de Zúñiga,300.0,MXN,28229.0,precio de venta demasiado bajo (300),https://www.aciertamax.com/property/terreno-en-venta-circuito-metropilitano
BLOQUEADA (no publicada),EB-SY5723,VENTA,terreno,Tlajomulco de Zúñiga,100.0,MXN,20000.0,precio de venta demasiado bajo (100),https://www.aciertamax.com/property/terrenos-en-venta-perfecto-para-granjas
BLOQUEADA (no publicada),EB-WM3612,RENTA,departamento,Guadalajara,4548289.0,MXN,53.0,"renta mensual de vivienda irreal (4,548,289)",https://www.aciertamax.com/property/departamento-en-venta-en-col-americana-8ac6bb79-b0f6-456c-85a2-cab590f43164
BLOQUEADA (no publicada),EB-VX4659,RENTA,oficina,Guadalajara,,MXN,90.0,sin precio,https://www.aciertamax.com/property/oficinas-corporativo-hsbc-punto-sau-paulo-piso-25-en-renta-guadalajara
BLOQUEADA (no publicada),EB-UZ9465,RENTA,oficina,Guadalajara,670.0,MXN,218.0,renta demasiado baja (670),https://www.aciertamax.com/property/oficinas-aaa-en-renta-en-providencia
BLOQUEADA (no publicada),EB-WI8929,RENTA,oficina,Guadalajara,480.0,MXN,,renta demasiado baja (480),https://www.aciertamax.com/property/oficinas-corporativas-aaa-en-bravante
BLOQUEADA (no publicada),EB-MP3873,RENTA,oficina,Guadalajara,450.0,MXN,,renta demasiado baja (450),https://www.aciertamax.com/property/torre-bansi-oficinas-en-renta
BLOQUEADA (no publicada),EB-VT3875,RENTA,oficina,Guadalajara,300.0,MXN,220.0,renta demasiado baja (300),https://www.aciertamax.com/property/oficina-en-renta-av-de-las-americas-zona-financiera
BLOQUEADA (no publicada),EB-SN8262,RENTA,bodega industrial,Guadalajara,120.0,MXN,10750.0,renta demasiado baja (120),https://www.aciertamax.com/property/renta-a-bodega-guadalajara
BLOQUEADA (no publicada),EB-WJ7808,RENTA,local comercial,Zapopan,500.0,MXN,200.0,renta demasiado baja (500),https://www.aciertamax.com/property/local-comercial-zapopan-centro
BLOQUEADA (no publicada),EB-WJ7850,RENTA,local comercial,Zapopan,480.0,MXN,406.95,renta demasiado baja (480),https://www.aciertamax.com/property/local-comercial-zapopan-centro-zapopan
BLOQUEADA (no publicada),EB-WJ8262,RENTA,oficina,Zapopan,410.0,MXN,840.1,renta demasiado baja (410),https://www.aciertamax.com/property/oficina-corporativa-nivel-7
BLOQUEADA (no publicada),EB-WJ8245,RENTA,oficina,Zapopan,400.0,MXN,840.1,renta demasiado baja (400),https://www.aciertamax.com/property/oficina-corporativa-nivel-6
BLOQUEADA (no publicada),EB-RG2417,RENTA,local comercial,Zapopan,400.0,MXN,,renta demasiado baja (400),https://www.aciertamax.com/property/exclusivo-edificio-en-el-corazon-de-zapopan
BLOQUEADA (no publicada),EB-WJ8230,RENTA,oficina,Zapopan,390.0,MXN,840.1,renta demasiado baja (390),https://www.aciertamax.com/property/oficina-corporativa-nivel-5
BLOQUEADA (no publicada),EB-WJ8221,RENTA,oficina,Zapopan,380.0,MXN,840.1,renta demasiado baja (380),https://www.aciertamax.com/property/oficina-corporativa-nivel-4
BLOQUEADA (no publicada),EB-VE7022,RENTA,bodega comercial,Zapopan,340.0,MXN,,renta demasiado baja (340),https://www.aciertamax.com/property/renta-de-bodega-espacios-de-almacenamiento-en-parque-industrial-belenes-norte
BLOQUEADA (no publicada),EB-PH8996,RENTA,oficina,Zapopan,260.0,MXN,486.0,renta demasiado baja (260),https://www.aciertamax.com/property/en-renta-piso-completo-zona-plaza-del-sol-ideal-corporativo
BLOQUEADA (no publicada),EB-WR5115,RENTA,terreno,Zapopan,128.0,MXN,5068.8,renta demasiado baja (128),https://www.aciertamax.com/property/terreno-en-renta-en-capital-norte
BLOQUEADA (no publicada),EB-VC3261,RENTA,bodega comercial,Zapopan,125.0,MXN,2000.0,renta demasiado baja (125),https://www.aciertamax.com/property/bodega-en-renta-cd-granja
BLOQUEADA (no publicada),EB-XA7201,RENTA,bodega comercial,Zapopan,120.0,MXN,674.24,renta demasiado baja (120),https://www.aciertamax.com/property/bodega-comercial-en-renta-santa-lucia-zapopan
BLOQUEADA (no publicada),EB-TR8193,RENTA,bodega industrial,Zapopan,120.0,MXN,,renta demasiado baja (120),https://www.aciertamax.com/property/renta-tu-bodega-con-altura-rampas-y-salida-rapida
BLOQUEADA (no publicada),EB-TE2705,RENTA,bodega industrial,Zapopan,120.0,MXN,1000.0,renta demasiado baja (120),https://www.aciertamax.com/property/naves-industriales-en-renta-fuera-del-fracc-el-campestre-cp-45221-en-zapopan
BLOQUEADA (no publicada),EB-SU9227,RENTA,bodega industrial,Zapopan,117.5,MXN,1655.0,renta demasiado baja (118),https://www.aciertamax.com/property/bodegas-en-parque-industrial-los-molinos
BLOQUEADA (no publicada),EB-PQ3324,RENTA,bodega comercial,Zapopan,107.9,MXN,,renta demasiado baja (108),https://www.aciertamax.com/property/bodega-en-capithal-park-la-magdalena
BLOQUEADA (no publicada),EB-LU7015,RENTA,bodega industrial,Zapopan,99.0,MXN,3750.0,renta demasiado baja (99),https://www.aciertamax.com/property/bodega-en-renta-san-juan-de-ocotan-indigena-san-juan-de-ocotan
BLOQUEADA (no publicada),EB-TK7238,RENTA,terreno comercial,Zapopan,75.0,MXN,4000.0,renta demasiado baja (75),https://www.aciertamax.com/property/terreno-en-renta-sobre-av-altavista
BLOQUEADA (no publicada),EB-QY8104,RENTA,terreno comercial,Zapopan,65.0,MXN,1800.0,renta demasiado baja (65),https://www.aciertamax.com/property/terreno-en-renta-comercial-e-industrial-en-av-guadalajara-zapopan
BLOQUEADA (no publicada),EB-UN2620,RENTA,terreno comercial,Zapopan,60.0,MXN,4280.0,renta demasiado baja (60),https://www.aciertamax.com/property/terreno-en-renta-sobre-carretera-a-colotlan
BLOQUEADA (no publicada),EB-RQ4690,RENTA,bodega comercial,Tlaquepaque,125.0,MXN,5000.0,renta demasiado baja (125),https://www.aciertamax.com/property/bodega-de-16-000-metros
BLOQUEADA (no publicada),EB-WL7777,RENTA,bodega industrial,Tlaquepaque,110.0,MXN,876.0,renta demasiado baja (110),https://www.aciertamax.com/property/bodega-industrial-equipada-en-renta-876-m-col-artesanos
BLOQUEADA (no publicada),EB-WJ1239,RENTA,terreno industrial,Tlaquepaque,30.0,MXN,800.0,renta demasiado baja (30),https://www.aciertamax.com/property/renta-de-terrenos-camino-real-a-colima-desde-800m2
BLOQUEADA (no publicada),EB-TD8000,RENTA,terreno comercial,Tlaquepaque,20.0,MXN,21394.0,renta demasiado baja (20),https://www.aciertamax.com/property/terreno-en-tlaquepaque-san-martin-de-las-flores-de-abajo
BLOQUEADA (no publicada),EB-TD9361,RENTA,terreno comercial,Tonalá,40.0,MXN,2985.0,renta demasiado baja (40),https://www.aciertamax.com/property/terreno-bardeado-con-local-y-oficinas
BLOQUEADA (no publicada),EB-VG1256,RENTA,terreno,Tonalá,15.0,MXN,14500.0,renta demasiado baja (15),https://www.aciertamax.com/property/terreno-en-renta-todo-o-en-partes-en-tonala-con-frente-a-av-tonaltecas
BLOQUEADA (no publicada),EB-PT3602,RENTA,terreno,Tonalá,15.0,MXN,60000.0,renta demasiado baja (15),https://www.aciertamax.com/property/terreno-en-renta-en-tonala-el-vado
BLOQUEADA (no publicada),EB-VE7753,RENTA,local comercial,Tlajomulco de Zúñiga,370.0,MXN,150.0,renta demasiado baja (370),https://www.aciertamax.com/property/local-comercial-semi-acondicionado-en-renta-dentro-de-plaza-la-rioja
BLOQUEADA (no publicada),EB-XB3265,RENTA,bodega industrial,Tlajomulco de Zúñiga,140.0,MXN,3700.0,renta demasiado baja (140),https://www.aciertamax.com/property/venta-de-bodega-dentro-de-parque-industrial-el-salto-5-mn-carretera-chapala
BLOQUEADA (no publicada),EB-XB3424,RENTA,bodega industrial,Tlajomulco de Zúñiga,135.0,MXN,4702.6,renta demasiado baja (135),https://www.aciertamax.com/property/venta-de-bodega-dentro-de-parque-industrial-el-salto-5-mn-carretera-chapala-el-zapote-del-valle
BLOQUEADA (no publicada),EB-SI4926,RENTA,terreno,Tlajomulco de Zúñiga,40.0,MXN,2000.0,renta demasiado baja (40),https://www.aciertamax.com/property/terreno-en-renta-sobre-avenida-camino-real-a-colima
BLOQUEADA (no publicada),EB-PQ1747,RENTA,terreno industrial,Tlajomulco de Zúñiga,,MXN,791.47,sin precio,https://www.aciertamax.com/property/antiguo-real-a-colima-terreno-en-renta-9a6481de-a1c7-4135-810f-ef737fba5502
BLOQUEADA (no publicada),EB-PQ1745,RENTA,terreno,Tlajomulco de Zúñiga,,MXN,886.0,sin precio,https://www.aciertamax.com/property/antiguo-real-a-colima-terreno-en-renta-san-agustin-terreno
BLOQUEADA (no publicada),EB-PQ1743,RENTA,terreno,Tlajomulco de Zúñiga,,MXN,1072.0,sin precio,https://www.aciertamax.com/property/antiguo-real-a-colima-terreno-en-renta-san-agustin-tlajomulco-de-zuniga
BLOQUEADA (no publicada),EB-DS4624,RENTA,terreno,Tlajomulco de Zúñiga,,MXN,977.0,sin precio,https://www.aciertamax.com/property/antiguo-real-a-colima-terreno-en-renta-7ae47c2a-53a9-4e09-b463-fec397ea0b36
BLOQUEADA (no publicada),EB-DS4587,RENTA,terreno,Tlajomulco de Zúñiga,,MXN,700.0,sin precio,https://www.aciertamax.com/property/antiguo-real-a-colima-terreno-en-renta-tlajomulco-de-zuniga
BLOQUEADA (no publicada),EB-DS4384,RENTA,terreno,Tlajomulco de Zúñiga,,MXN,2000.0,sin precio,https://www.aciertamax.com/property/antiguo-real-a-colima-terreno-en-renta-san-agustin
BLOQUEADA (no publicada),EB-DS4380,RENTA,terreno,Tlajomulco de Zúñiga,30.0,MXN,700.21,renta demasiado baja (30),https://www.aciertamax.com/property/antiguo-real-a-colima-terreno-en-renta
BLOQUEADA (no publicada),EB-AR0931,RENTA,terreno,Tlajomulco de Zúñiga,,MXN,5571.0,sin precio,https://www.aciertamax.com/property/terreno-en-renta-en-san-agustin-cerca-de-camino-real-a-colima
BLOQUEADA (no publicada),EB-VY6099,RENTA,terreno comercial,Tlajomulco de Zúñiga,13.0,MXN,47520.0,renta demasiado baja (13),https://www.aciertamax.com/property/en-renta-terrreno-ideal-para-industria-o-bodega
BLOQUEADA (no publicada),EB-QA2461,RENTA,terreno industrial,Tlajomulco de Zúñiga,6.0,MXN,,renta demasiado baja (6) | m2 dudoso (11.2); se publica sin m2,https://www.aciertamax.com/property/terreno-sobre-libramiento-de-tlajomulco
AVISO (publicada),EB-UL6830,VENTA,bodega comercial,Guadalajara,50000000.0,MXN,150.0,"precio/m2 muy alto (333,333 $/m2)",https://www.aciertamax.com/property/excelente-bodega-sobre-avenida-principal-del-mercado-de-abastos-enfocado-en-ubi
AVISO (publicada),EB-XD3985,VENTA,local comercial,Guadalajara,11511990.0,MXN,53.58,"precio/m2 muy alto (214,856 $/m2)",https://www.aciertamax.com/property/local-comercial-a-la-renta-o-venta-en-elysian-high-country-country-club-country-club
AVISO (publicada),EB-VQ6560,VENTA,departamento,Guadalajara,4950000.0,MXN,,m2 dudoso (7.16); se publica sin m2,https://www.aciertamax.com/property/departamento-en-venta-qalina-chapultepec
AVISO (publicada),EB-NW9748,VENTA,edificio,Zapopan,85000000.0,USD,36000.0,"precio en USD muy alto (85,000,000)",https://www.aciertamax.com/property/plaza-panoramica-bugambilias-fraccionamiento-bugambilias-zapopan
AVISO (publicada),EB-GT5465,VENTA,terreno,Zapopan,388656000.0,MXN,,m2 dudoso (4.8); se publica sin m2,https://www.aciertamax.com/property/terreno-ideal-desarrolladores-inversionistas-en-venta-en-el-bajio-zapopan
AVISO (publicada),EB-TO4926,VENTA,rancho,Zapopan,179189000.0,MXN,360.0,"precio/m2 muy alto (497,747 $/m2)",https://www.aciertamax.com/property/rancho-terreno-en-venta-en-santa-lucia-zapopan-jalisco
AVISO (publicada),EB-QZ0067,VENTA,terreno,Zapopan,65000000.0,MXN,,m2 dudoso (11); se publica sin m2,https://www.aciertamax.com/property/terreno-en-venta-con-escritura-publica
AVISO (publicada),EB-EH6043,VENTA,terreno,Zapopan,52500000.0,MXN,,m2 dudoso (10.6); se publica sin m2,https://www.aciertamax.com/property/terreno-el-arbolado
AVISO (publicada),EB-XC0453,VENTA,terreno,Zapopan,32000000.0,MXN,174.0,"precio/m2 muy alto (183,908 $/m2)",https://www.aciertamax.com/property/terreno-en-venta-en-ciudad-del-sol-cd1781a9-97ec-4718-af4b-8cf80c410054
AVISO (publicada),EB-VU0649,VENTA,departamento,Tlaquepaque,8890000.0,MXN,21.72,"precio/m2 muy alto (409,300 $/m2)",https://www.aciertamax.com/property/casa-en-venta-punto-sur-264-tlaquepaque-jalisco
AVISO (publicada),EB-WT1262,VENTA,casa,Tlaquepaque,3295000.0,MXN,,m2 dudoso (1); se publica sin m2,https://www.aciertamax.com/property/casa-venta-zimalta-tlaquepaque
AVISO (publicada),EB-UZ4617,VENTA,local comercial,Tlaquepaque,450000.0,MXN,,m2 dudoso (5); se publica sin m2,https://www.aciertamax.com/property/local-en-venta-y-renta-bazar-sur-centro-sur-alto-flujo
AVISO (publicada),EB-WV1536,VENTA,local en centro comercial,Tlaquepaque,395000.0,MXN,,m2 dudoso (5); se publica sin m2,https://www.aciertamax.com/property/bazar-sur-local-en-venta-oportunidad-b912276b-8c8c-4785-9c4b-9577f01eaaa8
AVISO (publicada),EB-US7993,VENTA,bodega comercial,Tonalá,57400000.0,MXN,160.0,"precio/m2 muy alto (358,750 $/m2)",https://www.aciertamax.com/property/amplia-bodega-c-libre-zapotlanejo-la-ladrillera
AVISO (publicada),EB-WE9758,VENTA,casa,Tlajomulco de Zúñiga,7850000.0,MXN,,m2 dudoso (10); se publica sin m2,https://www.aciertamax.com/property/casa-en-venta-amueblada-en-balcones-de-la-calera-jalisco
AVISO (publicada),EB-TE1256,VENTA,terreno,Tlajomulco de Zúñiga,2153607.0,MXN,,m2 dudoso (17.24); se publica sin m2,https://www.aciertamax.com/property/terreno-en-venta-bosques-santa-anita-terreno
AVISO (publicada),EB-MS5881,RENTA,oficina,Guadalajara,30000.0,MXN,,m2 dudoso (4); se publica sin m2,https://www.aciertamax.com/property/oficinas-en-renta-en-lujosos-espacios-co-working
AVISO (publicada),EB-XD2112,RENTA,habitación,Guadalajara,4650.0,MXN,,m2 dudoso (14); se publica sin m2,https://www.aciertamax.com/property/cuarto-en-renta-con-cama-queen-av-belisario-dominguez
AVISO (publicada),EB-XD2032,RENTA,habitación,Guadalajara,4500.0,MXN,,m2 dudoso (14); se publica sin m2,https://www.aciertamax.com/property/cuarto-en-renta-con-cama-matrimonial-av-belisario-dominguez
AVISO (publicada),EB-XB2649,RENTA,habitación,Guadalajara,4200.0,MXN,,m2 dudoso (12); se publica sin m2,https://www.aciertamax.com/property/cuarto-amueblado-ideal-para-estudiantes-del-cucei-1d69d544-820b-4414-b227-f376537d69ff
AVISO (publicada),EB-NR8270,RENTA,oficina,Zapopan,35000.0,MXN,12.0,"renta/m2 muy alta (2,917 $/m2/mes)",https://www.aciertamax.com/property/renta-de-oficinas-en-jardines-del-valle-jardines-del-valle
AVISO (publicada),EB-XD1548,RENTA,local en centro comercial,Zapopan,30000.0,MXN,9.0,"renta/m2 muy alta (3,333 $/m2/mes)",https://www.aciertamax.com/property/local-comercial-en-plaza-frente-a-unicenter-zapopan
AVISO (publicada),EB-SP6450,RENTA,oficina,Zapopan,11900.0,MXN,,m2 dudoso (7); se publica sin m2,https://www.aciertamax.com/property/oficinas-en-renta-zapopan-jalisco-loma-real
AVISO (publicada),EB-UG8729,RENTA,terreno industrial,Tlaquepaque,9800000.0,MXN,,m2 dudoso (14); se publica sin m2,https://www.aciertamax.com/property/terreno-en-renta-sobre-8-de-juio-y-periferico
AVISO (publicada),EB-MT0090,RENTA,terreno,Tlajomulco de Zúñiga,150000.0,MXN,,m2 dudoso (2.5); se publica sin m2,https://www.aciertamax.com/property/renta-terreno-frente-clinica-180
AVISO (publicada),EB-VA6653,RENTA,casa,Tlajomulco de Zúñiga,24000.0,MXN,,m2 dudoso (10); se publica sin m2,https://www.aciertamax.com/property/casa-en-renta-amueblada-en-balcones-de-la-calera-jalisco
