eb,operacion,tipo,municipio,moneda,precio_publicado_por_m2,m2,precio_total,como_se_supo,liga,precio_texto_anuncio
EB-XC6583,VENTA,terreno,Tlaquepaque,MXN,18000.0,164.65,2963700,anuncio,https://www.aciertamax.com/property/terreno-en-paisajes-del-tesoro-etapa-6b,"$18,000 MXN por m²"
EB-VA6167,VENTA,terreno,Tlaquepaque,MXN,18000.0,190.0,3420000,inferido,https://www.aciertamax.com/property/terrenos-ideal-para-departamentos-el-tesoro,"$18,000 MXN"
EB-TR9066,VENTA,terreno comercial,Tlaquepaque,MXN,12000.0,3480.0,41760000,anuncio,https://www.aciertamax.com/property/terreno-comercial-en-venta-esquina-en-artesanos-y-gobernador-curiel,"$12,000 MXN por m²"
EB-WR5744,VENTA,terreno industrial,Tlaquepaque,MXN,9500.0,1426.0,13547000,anuncio,https://www.aciertamax.com/property/terrenos-industriales-en-venta-las-terrazas-residencial,"$9,500 MXN por m²"
EB-WP2467,VENTA,terreno industrial,Tlaquepaque,MXN,9400.0,756.44,7110536,anuncio,https://www.aciertamax.com/property/dos-lotes-ind-o-conj-parque-industrial-montenegro-elite,"$9,400 MXN por m²"
EB-PM2001,VENTA,terreno industrial,Tlaquepaque,MXN,7800.0,1090.0,8502000,anuncio,https://www.aciertamax.com/property/pre-venta-en-parque-industrial-mezquites-lotes-tipo-de-1000-mts-aprox-villa-fontana,"$7,800 MXN por m²"
EB-NU2536,VENTA,terreno comercial,Tlaquepaque,MXN,7500.0,2800.0,21000000,anuncio,https://www.aciertamax.com/property/terreno-en-la-col-la-micailita-tlaq-uso-mixto,"$7,500 MXN por m²"
EB-TR9081,VENTA,terreno comercial,Tlaquepaque,MXN,7000.0,6728.0,47096000,anuncio,https://www.aciertamax.com/property/terreno-en-venta-gobernador-curiel-tlaquepaque,"$7,000 MXN por m²"
EB-SP5742,VENTA,terreno,Tlaquepaque,MXN,6390.0,1320.0,8434800,anuncio,https://www.aciertamax.com/property/terreno-sobre-av-hda-la-calerilla-san-sebastianito,"$6,390 MXN por m²"
EB-RJ1124,VENTA,terreno industrial,Tlaquepaque,MXN,5900.0,1649.94,9734646,anuncio,https://www.aciertamax.com/property/pre-venta-en-parque-industrial-mezquites-lotes-tipo-de-1000-mts-aprox-villa-fontana-tlaquepaque,"$5,900 MXN por m²"
EB-XC0550,VENTA,terreno,Tlaquepaque,MXN,5800.0,232.0,1345600,anuncio,https://www.aciertamax.com/property/terrenos-la-micaelita-oportunidad-de-inversion-en-tlaquepaque-afe4c2e1-16ff-4eec-bd6b-dc5741608846,"$5,800 MXN por m²"
EB-VS1579,VENTA,terreno,Tlaquepaque,MXN,5530.0,2437.0,13476610,anuncio,https://www.aciertamax.com/property/terreno-bien-ubicado-para-desarrollar-h4,"$5,530 MXN por m²"
EB-XD5377,VENTA,terreno comercial,Tlaquepaque,MXN,4550.0,14417.0,65597350,anuncio,https://www.aciertamax.com/property/terreno-ideal-bien-ubicado-para-desarrolo-coemrcial-o-vivienda,"$4,550 MXN por m²"
EB-SP5711,VENTA,terreno,Tlaquepaque,MXN,4200.0,22000.0,92400000,anuncio,https://www.aciertamax.com/property/terreno-en-san-sebastianito-ejidal,"$4,200 MXN por m²"
EB-SP5789,VENTA,terreno,Tlaquepaque,MXN,3500.0,35000.0,122500000,anuncio,https://www.aciertamax.com/property/terreno-en-san-sebastianito-ejidal-san-sebastianito,"$3,500 MXN por m²"
EB-RW6841,VENTA,terreno comercial,Tlaquepaque,MXN,2500.0,18800.0,47000000,anuncio,https://www.aciertamax.com/property/terreno-comercial-habitacional-vertical,"$2,500 MXN por m²"
EB-VE9870,VENTA,terreno,Tlaquepaque,MXN,2200.0,8607.0,18935400,anuncio,https://www.aciertamax.com/property/enorme-terreno-para-desarrollador,"$2,200 MXN por m²"
EB-CT5914,VENTA,terreno,Tonalá,MXN,8500.0,19793.6,168245600,anuncio,https://www.aciertamax.com/property/terreno-sobre-avenida-importante-para-desarrollo-mixto,"$8,500 MXN por m²"
EB-UF6427,VENTA,terreno comercial,Tonalá,MXN,7900.0,14200.0,112180000,anuncio,https://www.aciertamax.com/property/terreno-14-000-m2-av-rio-nilo-tonala-venta-oportunidad,"$7,900 MXN por m²"
EB-UH3689,VENTA,terreno industrial,Tonalá,MXN,7200.0,1455.0,10476000,anuncio,https://www.aciertamax.com/property/terreno-industrial-en-los-amiales-tonala-jalisco-los-amiales,"$7,200 MXN por m²"
EB-PH4353,VENTA,terreno industrial,Tonalá,MXN,6197.45,13279.0,82295939,anuncio,https://www.aciertamax.com/property/ubicadisimas-1-3-hectareas-en-tonala-uso-mixto-con-1-426-mas-de-construccion,"$6,197.45 MXN por m²"
EB-WS6308,VENTA,terreno comercial,Tonalá,MXN,6000.0,11000.0,66000000,anuncio,https://www.aciertamax.com/property/terreno-en-venta-av-tonaltecas,"$6,000 MXN por m²"
EB-PY3000,VENTA,terreno,Tonalá,MXN,5200.0,2700.0,14040000,anuncio,https://www.aciertamax.com/property/terreno-en-venta-tonala-jalisco-san-gaspar-de-las-flores,"$5,200 MXN por m²"
EB-XB2730,VENTA,terreno,Tonalá,MXN,3500.0,15781.0,55233500,anuncio,https://www.aciertamax.com/property/terreno-para-fraccionar-a-lado-de-plaza-san-gaspar-en-tonala-jalisco-1a-seccion-tonala,"$3,500 MXN por m²"
EB-WU6203,VENTA,terreno,Tonalá,MXN,3500.0,209.77,734195,anuncio,https://www.aciertamax.com/property/terreno-con-vista-la-barranca,"$3,500 MXN por m²"
EB-TB7933,VENTA,terreno,Tonalá,MXN,3500.0,9567.49,33486215,anuncio,https://www.aciertamax.com/property/terreno-en-venta-periferico-san-gaspar-tonala-jalisco,"$3,500 MXN por m²"
EB-TB7928,VENTA,terreno,Tonalá,MXN,3500.0,9567.49,33486215,anuncio,https://www.aciertamax.com/property/terreno-en-venta-san-gaspar-tonala-san-gaspar,"$3,500 MXN por m²"
EB-SD8338,VENTA,terreno,Tonalá,MXN,3500.0,19536.0,68376000,anuncio,https://www.aciertamax.com/property/terreno-vocacion-comercial-y-servs-habitacional-vertical-frente-a-av-tonaltecas,"$3,500 MXN por m²"
EB-PY1885,VENTA,terreno,Tonalá,MXN,3500.0,16000.0,56000000,anuncio,https://www.aciertamax.com/property/terreno-en-venta-tonala-jalisco-san-gaspar,"$3,500 MXN por m²"
EB-OG2905,VENTA,terreno industrial,Tonalá,MXN,3000.0,13661.0,40983000,inferido,https://www.aciertamax.com/property/terreno-en-tonala-a-pie-de-autopista-zona-el-vado,"$3,000 MXN"
EB-TB4456,VENTA,terreno,Tonalá,MXN,2950.0,11250.0,33187500,anuncio,https://www.aciertamax.com/property/terreno-en-venta-con-11250-mts2,"$2,950 MXN por m²"
EB-VK7329,VENTA,terreno,Tonalá,MXN,2600.0,52223.0,135779800,anuncio,https://www.aciertamax.com/property/terreno-en-venta-en-carretera-guadalajara-el-salto-san-francisco-de-la-soledad,"$2,600 MXN por m²"
EB-PA4136,VENTA,terreno,Tonalá,MXN,2200.0,24597.0,54113400,anuncio,https://www.aciertamax.com/property/extraordinario-terreno-para-desarrollo-de-vivienda-media-av-de-los-maestros-tona,"$2,200 MXN por m²"
EB-OG2748,VENTA,terreno industrial,Tonalá,MXN,2200.0,30000.0,66000000,anuncio,https://www.aciertamax.com/property/terreno-en-el-vado-tonala-a-pie-de-autopista-gdl-zapotlanejo,"$2,200 MXN por m²"
EB-VV4528,VENTA,quinta,Tonalá,MXN,2000.0,2500.0,5000000,anuncio,https://www.aciertamax.com/property/ex-hacienda-de-maria-felix-en-tonala-la-aurora,"$2,000 MXN por m²"
EB-CT6460,VENTA,terreno,Tonalá,MXN,2000.0,75589.24,151178480,anuncio,https://www.aciertamax.com/property/terreno-en-el-rosario-tonala-ideal-para-desarrollo-de-vivienda,"$2,000 MXN por m²"
EB-LH9079,VENTA,terreno,Tonalá,MXN,1980.0,40887.0,80956260,anuncio,https://www.aciertamax.com/property/terreno-en-el-vado-4-hectareas,"$1,980 MXN por m²"
EB-VI8382,VENTA,terreno,Tonalá,MXN,1800.0,448572.54,807430572,anuncio,https://www.aciertamax.com/property/terreno-estrategico-de-44-85-has-en-el-refugio-tonala,"$1,800 MXN por m²"
EB-OC3068,VENTA,terreno,Tonalá,MXN,1300.0,25500.0,33150000,anuncio,https://www.aciertamax.com/property/se-vende-terreno-predio-muy-cerca-de-puente-grande,"$1,300 MXN por m²"
EB-VI4199,VENTA,terreno,Tonalá,MXN,850.0,85.0,72250,anuncio,https://www.aciertamax.com/property/macro-terreno-venta-periferico-ote-tonala,$850 MXN por m²
EB-OR2059,VENTA,terreno industrial,Tonalá,MXN,850.0,67199.0,57119150,anuncio,https://www.aciertamax.com/property/terreno-uso-industria-ligera-comercio-y-servicios-carr-a-zapotlanejo-venta,$850 MXN por m²
EB-US5447,VENTA,terreno comercial,Tonalá,MXN,603.17,140922.26,85000080,anuncio,https://www.aciertamax.com/property/terreno-en-venta-gran-oportunidad-de-inversion-jauja,$603.17 MXN por m²
EB-UH0853,VENTA,terreno,Tlajomulco de Zúñiga,MXN,17000.0,212.79,3617430,anuncio,https://www.aciertamax.com/property/del-pilar-terreno-212-mts2-coto-aragon-en-esquina,"$17,000 MXN por m²"
EB-XD3927,VENTA,terreno,Tlajomulco de Zúñiga,MXN,14000.0,286.0,4004000,anuncio,https://www.aciertamax.com/property/provenza-terreno-ideal-para-amelia-casa,"$14,000 MXN por m²"
EB-SI0462,VENTA,terreno industrial,Tlajomulco de Zúñiga,MXN,12500.0,2947.53,36844125,anuncio,https://www.aciertamax.com/property/terreno-comercial-a-la-venta-zona-aeropuerto,"$12,500 MXN por m²"
EB-WN1319,VENTA,terreno comercial,Tlajomulco de Zúñiga,MXN,10500.0,22347.0,234643500,anuncio,https://www.aciertamax.com/property/terreno-en-venta-de-22-348-m-sobre-av-lopez-mateos-uso-mixto-au-24-ideal-pa,"$10,500 MXN por m²"
EB-WZ2363,VENTA,terreno,Tlajomulco de Zúñiga,MXN,10000.0,118.05,1180500,anuncio,https://www.aciertamax.com/property/terrenos-en-venta-a-media-cuadra-de-lopez-mateos-san-agustin,"$10,000 MXN por m²"
EB-OM1117,VENTA,terreno,Tlajomulco de Zúñiga,MXN,10000.0,487.5,4875000,anuncio,https://www.aciertamax.com/property/terreno-en-venta-en-rinconada-santa-anita-bosques-de-santa-anita-terreno,"$10,000 MXN por m²"
EB-OM1120,VENTA,terreno,Tlajomulco de Zúñiga,MXN,8700.0,597.63,5199381,anuncio,https://www.aciertamax.com/property/venta-de-terreno-en-rinconada-santa-anita-bosques-de-santa-anita,"$8,700 MXN por m²"
EB-SP3350,VENTA,terreno,Tlajomulco de Zúñiga,MXN,8500.0,2755.0,23417500,anuncio,https://www.aciertamax.com/property/terreno-en-venta-en-carr-chapala-guadalajara-el-salto,"$8,500 MXN por m²"
EB-OM1119,VENTA,terreno,Tlajomulco de Zúñiga,MXN,8500.0,787.57,6694345,anuncio,https://www.aciertamax.com/property/terreno-en-rinconada-santa-anita-bosques-de-santa-anita,"$8,500 MXN por m²"
EB-RA8742,VENTA,terreno industrial,Tlajomulco de Zúñiga,MXN,8350.0,1360.76,11362346,anuncio,https://www.aciertamax.com/property/parque-industrial-cercano-al-aeropuerto-el-zapote-del-valle-tlajomulco-de-zuniga,"$8,350 MXN por m²"
EB-RA8728,VENTA,terreno industrial,Tlajomulco de Zúñiga,MXN,8350.0,1090.95,9109432,anuncio,https://www.aciertamax.com/property/parque-industrial-cercano-al-aeropuerto-el-zapote-del-valle,"$8,350 MXN por m²"
EB-RA8706,VENTA,terreno industrial,Tlajomulco de Zúñiga,MXN,8350.0,1135.2,9478920,anuncio,https://www.aciertamax.com/property/parque-industrial-cercano-al-aeropuerto,"$8,350 MXN por m²"
EB-CA1830,VENTA,terreno comercial,Tlajomulco de Zúñiga,MXN,7997.0,21700.0,173534900,anuncio,https://www.aciertamax.com/property/av-adolf-horn-ideal-plaza-comercial-naves-industriales,"$7,997 MXN por m²"
EB-WD2430,VENTA,terreno,Tlajomulco de Zúñiga,MXN,5500.0,10433.0,57381500,anuncio,https://www.aciertamax.com/property/los-gavilanes-terreno-en-venta,"$5,500 MXN por m²"
EB-QW4498,VENTA,terreno,Tlajomulco de Zúñiga,MXN,5000.0,63871.85,319359250,anuncio,https://www.aciertamax.com/property/terreno-usos-mixtos-proln-av-adolfo-lpz-mateos-vta,"$5,000 MXN por m²"
EB-WP1437,VENTA,terreno industrial,Tlajomulco de Zúñiga,MXN,4750.0,4193.24,19917890,anuncio,https://www.aciertamax.com/property/terreno-industrial-buenavista-tlajomulco-de-zuniga,"$4,750 MXN por m²"
EB-WV3752,VENTA,terreno comercial,Tlajomulco de Zúñiga,MXN,4500.0,16805.0,75622500,anuncio,https://www.aciertamax.com/property/terreno-comercial-sobre-av-jesus-michel-gonzales-san-sebastian-el-grande,"$4,500 MXN por m²"
EB-VT7308,VENTA,terreno comercial,Tlajomulco de Zúñiga,MXN,4500.0,44469.0,200110500,anuncio,https://www.aciertamax.com/property/terreno-en-venta-de-4-5-hectareas-cerca-del-aeropuerto-sendero-real,"$4,500 MXN por m²"
EB-VL2878,VENTA,terreno industrial,Tlajomulco de Zúñiga,MXN,4500.0,44469.0,200110500,anuncio,https://www.aciertamax.com/property/terreno-industrial-en-venta-de-4-5-hectareas,"$4,500 MXN por m²"
EB-SQ2747,VENTA,casa,Tlajomulco de Zúñiga,MXN,4500.0,14932.0,67194000,anuncio,https://www.aciertamax.com/property/terreno-en-tlajomulco-de-zuniga-4-500-el-m2,"$4,500 MXN por m²"
EB-XB2565,VENTA,terreno,Tlajomulco de Zúñiga,MXN,4000.0,14932.0,59728000,anuncio,https://www.aciertamax.com/property/terreno-de-uso-mixto-con-ubicacion-estrategica-en-san-sebastian-el-grande-san-sebastian-el-grande,"$4,000 MXN por m²"
EB-WF0300,VENTA,terreno comercial,Tlajomulco de Zúñiga,MXN,4000.0,14932.0,59728000,anuncio,https://www.aciertamax.com/property/terreno-con-ubicacion-estrategica-en-san-sebastian-el-grande,"$4,000 MXN por m²"
EB-NU2612,VENTA,terreno comercial,Tlajomulco de Zúñiga,MXN,4000.0,40000.0,160000000,anuncio,https://www.aciertamax.com/property/terreno-4-has-para-desarorllo-comercial-o-vivienda-tlajomulco-vta,"$4,000 MXN por m²"
EB-WV3663,VENTA,terreno comercial,Tlajomulco de Zúñiga,MXN,3800.0,14995.0,56981000,anuncio,https://www.aciertamax.com/property/terreno-comercial-sobre-av-jesus-michel-gonzales,"$3,800 MXN por m²"
EB-VP2106,VENTA,terreno,Tlajomulco de Zúñiga,MXN,3500.0,88415.22,309453270,anuncio,https://www.aciertamax.com/property/terreno-en-venta-a-15-min-del-aeropuerto-alameda,"$3,500 MXN por m²"
EB-VL1483,VENTA,terreno,Tlajomulco de Zúñiga,MXN,3500.0,1825.2,6388200,anuncio,https://www.aciertamax.com/property/terreno-en-venta-cerca-del-aeropuerto-de-guadalajara-zapote-del-valle,"$3,500 MXN por m²"
EB-WL9979,VENTA,terreno,Tlajomulco de Zúñiga,MXN,2800.0,250.0,700000,anuncio,https://www.aciertamax.com/property/terrenos-en-venta-san-juan-evangelista-san-juan,"$2,800 MXN por m²"
EB-EI7543,VENTA,terreno,Tlajomulco de Zúñiga,MXN,2800.0,7450.87,20862436,anuncio,https://www.aciertamax.com/property/terreno-para-microparque-industrial-alameda,"$2,800 MXN por m²"
EB-WD2401,VENTA,terreno,Tlajomulco de Zúñiga,MXN,2750.0,2750.0,7562500,anuncio,https://www.aciertamax.com/property/villas-california-terreno-en-venta,"$2,750 MXN por m²"
EB-TN3286,VENTA,terreno industrial,Tlajomulco de Zúñiga,MXN,1500.0,13000.0,19500000,anuncio,https://www.aciertamax.com/property/terreno-en-venta-a-pie-de-carretera-en-jardines-de-la-calera,"$1,500 MXN por m²"
EB-CP4377,VENTA,terreno comercial,Tlajomulco de Zúñiga,MXN,1300.0,110390.0,143507000,anuncio,https://www.aciertamax.com/property/terreno-circuito-metropolitano-sur-o-carr-a-san-miguel-cuyutlan-11-03-has,"$1,300 MXN por m²"
EB-VT6237,VENTA,terreno industrial,Tlajomulco de Zúñiga,MXN,1100.0,5670.0,6237000,anuncio,https://www.aciertamax.com/property/terreno-ejidal-con-uso-industrial-cerca-del-periferico-ote-y-del-aereopuerto,"$1,100 MXN por m²"
EB-PE4232,VENTA,terreno,Tlajomulco de Zúñiga,MXN,1000.0,10000.0,10000000,anuncio,https://www.aciertamax.com/property/4-hectareas-para-desarrollar,"$1,000 MXN por m²"
EB-QR5943,VENTA,terreno,Tlajomulco de Zúñiga,MXN,850.0,150000.0,127500000,anuncio,https://www.aciertamax.com/property/terreno-de-150-000-m-en-tlajomulco-perfecto-para-fraccionamientos-residencial,$850 MXN por m²
EB-KW1424,VENTA,terreno,Tlajomulco de Zúñiga,MXN,800.0,890000.0,712000000,anuncio,https://www.aciertamax.com/property/terreno-rodeado-de-fraccionamientos-consolidados-para-desarrollar-vivienda-econo,$800 MXN por m²
EB-VO7679,VENTA,terreno,Tlajomulco de Zúñiga,MXN,700.0,1923.0,1346100,anuncio,https://www.aciertamax.com/property/terreno-en-venta-en-cajititlan-jalisco-uso-mixto,$700 MXN por m²
EB-VC2013,VENTA,terreno,Tlajomulco de Zúñiga,MXN,350.0,40470.0,14164500,anuncio,https://www.aciertamax.com/property/terreno-en-venta-lomas-de-tejeda-08d79602-a26e-4581-a4ee-e41f55aa0393,$350 MXN por m²
EB-TK3787,VENTA,terreno,Tlajomulco de Zúñiga,MXN,350.0,40470.0,14164500,anuncio,https://www.aciertamax.com/property/terreno-en-venta-lomas-de-tejeda-b2cb5660-0d3d-421c-8e34-26e0f9afd796,$350 MXN por m²
EB-WA2035,VENTA,terreno,Tlajomulco de Zúñiga,MXN,300.0,28229.0,8468700,anuncio,https://www.aciertamax.com/property/terreno-en-venta-circuito-metropilitano,$300 MXN por m²
EB-UZ9465,RENTA,oficina,Guadalajara,MXN,670.0,218.0,146060,anuncio,https://www.aciertamax.com/property/oficinas-aaa-en-renta-en-providencia,$670 MXN por m²
EB-VT3875,RENTA,oficina,Guadalajara,MXN,300.0,220.0,66000,anuncio,https://www.aciertamax.com/property/oficina-en-renta-av-de-las-americas-zona-financiera,$300 MXN por m²
EB-SN8262,RENTA,bodega industrial,Guadalajara,MXN,120.0,10750.0,1290000,anuncio,https://www.aciertamax.com/property/renta-a-bodega-guadalajara,$120 MXN por m²
EB-WJ7808,RENTA,local comercial,Zapopan,MXN,500.0,200.0,100000,anuncio,https://www.aciertamax.com/property/local-comercial-zapopan-centro,$500 MXN por m²
EB-WJ7850,RENTA,local comercial,Zapopan,MXN,480.0,406.95,195336,anuncio,https://www.aciertamax.com/property/local-comercial-zapopan-centro-zapopan,$480 MXN por m²
EB-WJ8262,RENTA,oficina,Zapopan,MXN,410.0,840.1,344441,anuncio,https://www.aciertamax.com/property/oficina-corporativa-nivel-7,$410 MXN por m²
EB-WJ8245,RENTA,oficina,Zapopan,MXN,400.0,840.1,336040,anuncio,https://www.aciertamax.com/property/oficina-corporativa-nivel-6,$400 MXN por m²
EB-WJ8230,RENTA,oficina,Zapopan,MXN,390.0,840.1,327639,anuncio,https://www.aciertamax.com/property/oficina-corporativa-nivel-5,$390 MXN por m²
EB-WJ8221,RENTA,oficina,Zapopan,MXN,380.0,840.1,319238,anuncio,https://www.aciertamax.com/property/oficina-corporativa-nivel-4,$380 MXN por m²
EB-PH8996,RENTA,oficina,Zapopan,MXN,260.0,486.0,126360,anuncio,https://www.aciertamax.com/property/en-renta-piso-completo-zona-plaza-del-sol-ideal-corporativo,$260 MXN por m²
EB-WR5115,RENTA,terreno,Zapopan,MXN,128.0,5068.8,648806,anuncio,https://www.aciertamax.com/property/terreno-en-renta-en-capital-norte,$128 MXN por m²
EB-VC3261,RENTA,bodega comercial,Zapopan,MXN,125.0,2000.0,250000,anuncio,https://www.aciertamax.com/property/bodega-en-renta-cd-granja,$125 MXN por m²
EB-XA7201,RENTA,bodega comercial,Zapopan,MXN,120.0,674.24,80909,anuncio,https://www.aciertamax.com/property/bodega-comercial-en-renta-santa-lucia-zapopan,$120 MXN por m²
EB-TE2705,RENTA,bodega industrial,Zapopan,MXN,120.0,1000.0,120000,anuncio,https://www.aciertamax.com/property/naves-industriales-en-renta-fuera-del-fracc-el-campestre-cp-45221-en-zapopan,$120 MXN por m²
EB-SU9227,RENTA,bodega industrial,Zapopan,MXN,117.5,1655.0,194462,anuncio,https://www.aciertamax.com/property/bodegas-en-parque-industrial-los-molinos,$117.50 MXN por m²
EB-LU7015,RENTA,bodega industrial,Zapopan,MXN,99.0,3750.0,371250,anuncio,https://www.aciertamax.com/property/bodega-en-renta-san-juan-de-ocotan-indigena-san-juan-de-ocotan,$99 MXN por m²
EB-TK7238,RENTA,terreno comercial,Zapopan,MXN,75.0,4000.0,300000,anuncio,https://www.aciertamax.com/property/terreno-en-renta-sobre-av-altavista,$75 MXN por m²
EB-QY8104,RENTA,terreno comercial,Zapopan,MXN,65.0,1800.0,117000,anuncio,https://www.aciertamax.com/property/terreno-en-renta-comercial-e-industrial-en-av-guadalajara-zapopan,$65 MXN por m²
EB-UN2620,RENTA,terreno comercial,Zapopan,MXN,60.0,4280.0,256800,anuncio,https://www.aciertamax.com/property/terreno-en-renta-sobre-carretera-a-colotlan,$60 MXN por m²
EB-RQ4690,RENTA,bodega comercial,Tlaquepaque,MXN,125.0,5000.0,625000,anuncio,https://www.aciertamax.com/property/bodega-de-16-000-metros,$125 MXN por m²
EB-WN3888,RENTA,nave industrial,Tlaquepaque,USD,6.3,3360.0,21168,anuncio,https://www.aciertamax.com/property/en-renta-bodega-industrial-tlaquepaque-jalisco-3-360-m2,$6.30 USD por m²
EB-WL7777,RENTA,bodega industrial,Tlaquepaque,MXN,110.0,876.0,96360,anuncio,https://www.aciertamax.com/property/bodega-industrial-equipada-en-renta-876-m-col-artesanos,$110 MXN por m²
EB-WJ1239,RENTA,terreno industrial,Tlaquepaque,MXN,30.0,800.0,24000,inferido,https://www.aciertamax.com/property/renta-de-terrenos-camino-real-a-colima-desde-800m2,$30 MXN
EB-TD9361,RENTA,terreno comercial,Tonalá,MXN,40.0,2985.0,119400,anuncio,https://www.aciertamax.com/property/terreno-bardeado-con-local-y-oficinas,$40 MXN por m²
EB-VE7753,RENTA,local comercial,Tlajomulco de Zúñiga,MXN,370.0,150.0,55500,anuncio,https://www.aciertamax.com/property/local-comercial-semi-acondicionado-en-renta-dentro-de-plaza-la-rioja,$370 MXN por m²
EB-NN1083,RENTA,nave industrial,Tlajomulco de Zúñiga,USD,7.98,5952.0,47497,inferido,https://www.aciertamax.com/property/nave-industrial-en-carretera-a-chapala-la-calera,$7.98 USD
EB-XB3265,RENTA,bodega industrial,Tlajomulco de Zúñiga,MXN,140.0,3700.0,518000,anuncio,https://www.aciertamax.com/property/venta-de-bodega-dentro-de-parque-industrial-el-salto-5-mn-carretera-chapala,$140 MXN por m²
EB-XB3424,RENTA,bodega industrial,Tlajomulco de Zúñiga,MXN,135.0,4702.6,634851,anuncio,https://www.aciertamax.com/property/venta-de-bodega-dentro-de-parque-industrial-el-salto-5-mn-carretera-chapala-el-zapote-del-valle,$135 MXN por m²
EB-SI4926,RENTA,terreno,Tlajomulco de Zúñiga,MXN,40.0,2000.0,80000,anuncio,https://www.aciertamax.com/property/terreno-en-renta-sobre-avenida-camino-real-a-colima,$40 MXN por m²
EB-DS4380,RENTA,terreno,Tlajomulco de Zúñiga,MXN,30.0,700.21,21006,anuncio,https://www.aciertamax.com/property/antiguo-real-a-colima-terreno-en-renta,$30 MXN por m²
